{
  "total_unique_tokens": 1019297,
  "zipf_parameter_s": 1.2876240546444038,
  "zipf_constant_C": 37285275.697815955,
  "most_common_tokens": [
    [
      "на",
      373173
    ],
    [
      "года",
      280366
    ],
    [
      "году",
      197851
    ],
    [
      "по",
      188463
    ],
    [
      "был",
      149121
    ],
    [
      "он",
      131346
    ],
    [
      "его",
      123658
    ],
    [
      "за",
      113347
    ],
    [
      "из",
      105909
    ],
    [
      "не",
      94486
    ],
    [
      "что",
      83102
    ],
    [
      "после",
      73666
    ],
    [
      "от",
      70958
    ],
    [
      "как",
      65529
    ],
    [
      "для",
      63491
    ],
    [
      "до",
      49842
    ],
    [
      "также",
      49792
    ],
    [
      "во",
      49054
    ],
    [
      "время",
      44246
    ],
    [
      "но",
      42511
    ],
    [
      "была",
      42357
    ],
    [
      "при",
      42069
    ],
    [
      "где",
      39111
    ],
    [
      "the",
      39100
    ],
    [
      "под",
      37817
    ],
    [
      "стал",
      35960
    ],
    [
      "же",
      35820
    ],
    [
      "было",
      35575
    ],
    [
      "её",
      34635
    ],
    [
      "лет",
      34564
    ],
    [
      "isbn",
      33554
    ],
    [
      "были",
      32679
    ],
    [
      "ссср",
      32504
    ],
    [
      "она",
      31739
    ],
    [
      "год",
      30920
    ],
    [
      "со",
      27800
    ],
    [
      "англ",
      27372
    ],
    [
      "это",
      26498
    ],
    [
      "который",
      26052
    ],
    [
      "войны",
      25699
    ],
    [
      "против",
      25516
    ],
    [
      "том",
      25457
    ],
    [
      "россии",
      25278
    ],
    [
      "годах",
      25223
    ],
    [
      "марта",
      23876
    ],
    [
      "получил",
      23245
    ],
    [
      "мая",
      23111
    ],
    [
      "родился",
      23067
    ],
    [
      "января",
      22953
    ],
    [
      "августа",
      22936
    ]
  ],
  "least_common_tokens": [
    [
      "нейрореанимации",
      1
    ],
    [
      "гипергликемическую",
      1
    ],
    [
      "гротескную",
      1
    ],
    [
      "огорчу",
      1
    ],
    [
      "полупана",
      1
    ],
    [
      "консилиуме",
      1
    ],
    [
      "биофотоники",
      1
    ],
    [
      "зверьки",
      1
    ],
    [
      "зверюши",
      1
    ],
    [
      "животиков",
      1
    ],
    [
      "кевхишвили",
      1
    ],
    [
      "лотерштейн",
      1
    ],
    [
      "артиллерийско-технической",
      1
    ],
    [
      "спектакле-метафоре",
      1
    ],
    [
      "розанову",
      1
    ],
    [
      "проколешься",
      1
    ],
    [
      "быковфм",
      1
    ],
    [
      "харассмент",
      1
    ],
    [
      "ещёнепознер",
      1
    ],
    [
      "солодникова",
      1
    ],
    [
      "оттащен",
      1
    ],
    [
      "каховку",
      1
    ],
    [
      "теплотехническом",
      1
    ],
    [
      "быко",
      1
    ],
    [
      "культурнейшим",
      1
    ],
    [
      "изолировалась",
      1
    ],
    [
      "гинецинский",
      1
    ],
    [
      "прославляемая",
      1
    ],
    [
      "гематоэнцефалическом",
      1
    ],
    [
      "игнорированы",
      1
    ],
    [
      "режимной",
      1
    ],
    [
      "курциным",
      1
    ],
    [
      "геллерштейн",
      1
    ],
    [
      "шлюзам",
      1
    ],
    [
      "военизировано",
      1
    ],
    [
      "коммунхозе",
      1
    ],
    [
      "райлесе",
      1
    ],
    [
      "новочайкино",
      1
    ],
    [
      "штейгера",
      1
    ],
    [
      "выделениям",
      1
    ],
    [
      "скочинский",
      1
    ],
    [
      "горноспасательного",
      1
    ],
    [
      "вентиляционной",
      1
    ],
    [
      "медно-колчеданных",
      1
    ],
    [
      "учёными-горняками",
      1
    ],
    [
      "шевяковым",
      1
    ],
    [
      "скочинским",
      1
    ],
    [
      "газоностности",
      1
    ],
    [
      "изогазы",
      1
    ],
    [
      "рудничные",
      1
    ]
  ]
}